epoch,train_loss,val_loss,acc,prec,rec,f1,auc
1,0.21485616232073584,0.07292008908525868,0.9790454016298021,0.9375,0.967741935483871,0.9523809523809523,0.9951588937353208
2,0.06483086188172185,0.07519846690640272,0.9848661233993015,0.9675675675675676,0.9623655913978495,0.9649595687331537,0.9963491987409928
3,0.016967673391796823,0.06923276962502482,0.9860302677532014,0.967741935483871,0.967741935483871,0.967741935483871,0.9968524820655387
4,0.008263662734697032,0.09377350580696119,0.9860302677532014,0.9833333333333333,0.9516129032258065,0.9672131147540983,0.9933055329211203
5,0.0027591590617978296,0.08804693460175865,0.9871944121071012,0.9781420765027322,0.9623655913978495,0.9701897018970189,0.9936410551374842
