epoch,train_loss,val_loss,acc,prec,rec,f1,auc
1,0.20296434933363006,0.08897019939441062,0.9767171129220024,0.923469387755102,0.9731182795698925,0.9476439790575916,0.9968924251865344
2,0.06830609901699909,0.07504767575516814,0.9825378346915018,0.9776536312849162,0.9408602150537635,0.958904109589041,0.9972758791480931
3,0.017080983658169593,0.10111888647332778,0.9837019790454016,0.967391304347826,0.956989247311828,0.9621621621621622,0.9952547572257106
4,0.007406728905300761,0.11311448484522973,0.9837019790454016,0.9831460674157303,0.9408602150537635,0.9615384615384616,0.9944918436146927
5,0.000588968742725461,0.1137646958128513,0.9825378346915018,0.9672131147540983,0.9516129032258065,0.959349593495935,0.9950230871239355
